{
  "index.html": 1733828154986,
  "xs-app.json": 1734236712980,
  "test/integration/pages/IncidentsList.js": 1733828155006,
  "test/integration/opaTests.qunit.js": 1733828155002,
  "test/integration/FirstJourney.js": 1733828155006,
  "test/testsuite.qunit.js": 1733828154998,
  "test/integration/pages/IncidentsObjectPage.js": 1733828155006,
  "manifest.json": 1734236712984,
  "Component.js": 1733828154986,
  "test/integration/pages/IncidentsObjectPage-dbg.js": 1733828155006,
  "test/integration/pages/IncidentsObjectPage.js.map": 1734236737759,
  "test/integration/opaTests.qunit-dbg.js": 1733828155002,
  "test/integration/opaTests.qunit.js.map": 1734236737758,
  "test/integration/FirstJourney-dbg.js": 1733828155006,
  "test/integration/FirstJourney.js.map": 1734236737760,
  "test/testsuite.qunit-dbg.js": 1733828154998,
  "test/testsuite.qunit.js.map": 1734236737758,
  "test/integration/pages/IncidentsList-dbg.js": 1733828155006,
  "test/integration/pages/IncidentsList.js.map": 1734236737761,
  "Component-dbg.js": 1733828154986,
  "Component.js.map": 1734236737760,
  "Component-preload.js": 1734236737817,
  "Component-preload.js.map": 1734236737817,
  "test/integration/opaTests.qunit.html": 1733828155002,
  "test/testsuite.qunit.html": 1733828154998,
  "test/flpSandbox.html": 1733828154998,
  "i18n/i18n.properties": 1733828159258
}